{
  "swagger": "2.0",
  "basePath": "/",
  "info": {
    "title": "Reeve API",
    "version": "1.0.3"
  },
  "definitions": {
    "Tanetes": {
      "type": "object",
      "properties": {
        "hora": {
          "type": "string"
        },
        "cantidad": {
          "type": "string"
        }
      },
      "required": ["hora", "cantidad"]
    },
    "Reeve": {
      "type": "object",
      "properties": {
        "origen": {
          "type": "string"
        },
        "destino": {
          "type": "string"
        },
        "numeroParadas": {
          "type": "string"
        },
        "tanetes": {
          "type": "array",
          "items": {
            "$ref": "#/definitions/Tanetes"
          }
        }
      },
      "required": ["origen", "destino", "numeroParadas"]
    }
  },
  "paths": {
    "/reeve": {
      "get": {
        "summary": "Obtener todos los reeve.",
        "responses": {
          "200": {
            "description": "Array con reeve.",
            "schema": {
              "type": "array",
              "items": {
                "$ref": "#/definitions/Reeve"
              }
            }
          }
        }
      },
      "post": {
        "summary": "Crear reeve",
        "consumes": ["application/json"],
        "parameters": [
          {
            "in": "body",
            "name": "Reeve",
            "schema": {
              "$ref": "#/definitions/Reeve"
            }
          }
        ],
        "responses": {
          "200": {
            "description": "{message: 'ok'}"
          }
        }
      }
    },
    "/reeve/{id}": {
      "get": {
        "summary": "Obtener uno Reeve por Id.",
        "parameters": [
          {
            "in": "path",
            "name": "id",
            "type": "string",
            "required": true
          }
        ],
        "responses": {
          "200": {
            "description": "Traer un reeve.",
            "schema": {
              "$ref": "#/definitions/Reeve"
            }
          }
        }
      },
      "put": {
        "summary": "Actualizar un Reeve por Id.",
        "consumes": ["application/json"],
        "parameters": [
          {
            "in": "path",
            "name": "id",
            "type": "string",
            "required": true
          },
          {
            "in": "body",
            "name": "Reeve",
            "schema": {
              "$ref": "#/definitions/Reeve"
            }
          }
        ],
        "responses": {
          "200": {
            "description": "{message: 'ok'}"
          }
        }
      },
      "delete": {
        "summary": "Eliminar un Reeve por Id.",
        "parameters": [
          {
            "in": "path",
            "name": "id",
            "type": "string",
            "required": true
          }
        ],
        "responses": {
          "200": {
            "description": "{message: 'ok'}"
          }
        }
      }
    },
    "/reeve/{id}/tanetes": {
      "get": {
        "summary": "Obtener un tanete para un reeve por Id.",
        "parameters": [
          {
            "in": "path",
            "name": "id",
            "type": "string",
            "required": true
          }
        ],
        "responses": {
          "200": {
            "description": "Array con tanetes.",
            "schema": {
              "type": "array",
              "items": {
                "$ref": "#/definitions/Reeve"
              }
            }
          }
        }
      },
      "post": {
        "summary": "Crear un tanete para un reeve por Id.",
        "consumes": ["application/json"],
        "parameters": [
          {
            "in": "path",
            "name": "id",
            "type": "string",
            "required": true
          },
          {
            "in": "body",
            "name": "Tanetes",
            "schema": {
              "$ref": "#/definitions/Tanetes"
            }
          }
        ],
        "responses": {
          "200": {
            "description": "{message: 'ok'}"
          }
        }
      }
    },
    "/reeve/{id}/tanetes/{idTanete}": {
      "get": {
        "summary": "Obtener un tanete para un reeve por Id.",
        "parameters": [
          {
            "in": "path",
            "name": "id",
            "type": "string",
            "required": true
          },
          {
            "in": "path",
            "name": "idTanete",
            "type": "integer",
            "required": true
          }
        ],
        "responses": {
          "200": {
            "description": "Un tanete.",
            "schema": {
              "type": "string",
              "$ref": "#/definitions/Tanetes"
            }
          }
        }
      },
      "put": {
        "summary": "Actualizar un tanete para un reeve por Id.",
        "parameters": [
          {
            "in": "path",
            "name": "id",
            "type": "string",
            "required": true
          },
          {
            "in": "path",
            "name": "idTanete",
            "type": "integer",
            "required": true
          },
          {
            "in": "body",
            "name": "Tanetes",
            "schema": {
              "$ref": "#/definitions/Tanetes"
            }
          }
        ],
        "responses": {
          "200": {
            "description": "{message: 'ok'}"
          }
        }
      },
      "delete": {
        "summary": "Eliminar un tanete para un reeve por Id.",
        "parameters": [
          {
            "in": "path",
            "name": "id",
            "type": "string",
            "required": true
          },
          {
            "in": "path",
            "name": "idTanete",
            "type": "integer",
            "required": true
          }
        ],
        "responses": {
          "200": {
            "description": "{message: 'ok'}"
          }
        }
      }
    }
  }
}
